Age;3H;3He(trit);3Ho;3H/3Ho;SF6
1;3,942932103;0,233460188;4,176288086;0,94412359;5,304668008
2;3,903211688;0,512449111;4,41566507;0,883946501;5,148497076
3;3,86179843;0,959914141;4,821688048;0,800922497;4,934477259
4;3,858700701;1,64913765;5,507818165;0,700586073;4,729546806
5;3,885202102;2,544493592;6,429666882;0,604261803;4,536607157
6;3,931077378;3,578190607;7,509229428;0,523499437;4,35566132
7;3,988388661;4,690572098;8,678912427;0,459549361;4,186101297
8;4,051659955;5,838150038;9,889752157;0,409682658;4,027100501
9;4,117293674;6,991486947;11,10871143;0,370636477;3,877800903
10;4,182985746;8,131409406;12,31431523;0,339684803;3,737383354
11;4,247291895;9,245806634;13,49300642;0,314777283;3,605092799
12;4,309330093;10,32730351;14,63652936;0,294422946;3,480244646
13;4,368584995;11,37167543;15,74014304;0,277544174;3,362222974
14;4,424780463;12,37677829;16,80143035;0,263357367;3,250475438
15;4,477796335;13,34183812;17,81949216;0,251286417;3,144507071
16;4,527612561;14,26697132;18,79442945;0,240901836;3,043874014
17;4,574273772;15,15287101;19,7269783;0,23187909;2,948177622
18;4,617864269;16,00058885;20,61827262;0,223969503;2,857059132
19;4,658491953;16,81139371;21,46969201;0,216979915;2,770194924
20;4,696278998;17,58666963;22,28274174;0,21075858;2,687292357
21;4,731353841;18,32785521;23,0589884;0,205184796;2,60808614
22;4,763845057;19,03640049;23,80001201;0,200161456;2,53233517
23;4,793881576;19,71373467;24,50736976;0,195609795;2,459819783
24;4,821587443;20,36124732;25,18257525;0,191465225;2,390339364
25;4,847082985;20,98028498;25,82709325;0,187674352;2,323710264
26;4,87048222;21,57213046;26,44232519;0,18419266;2,25976399
27;4,891894449;22,13801377;27,02960785;0,180982812;2,198345618
28;4,911422226;22,67910293;27,59020955;0,178013227;2,139312402
29;4,929163352;23,19650643;28,12534153;0,175257013;2,082532557
30;4,945209095;23,69127473;28,63614328;0,17269117;2,027884189
31;4,959646353;24,16440468;29,12369857;0,170295896;1,975254343
32;4,972556453;24,61683492;29,5890239;0,168054089;1,92453817
33;4,984015413;25,04945553;30,03309172;0,165950794;1,875638183
34;4,994096203;25,46310848;30,45681306;0,163973039;1,828463593
35;5,002865563;25,85859295;30,86105223;0,162109364;1,782929729
36;5,010387234;26,23666032;31,24662688;0,1603497;1,738957502
37;5,016722236;26,5980244;31,61431396;0,158685153;1,696472943
38;5,021926118;26,94336402;31,96484628;0,157107783;1,655406773
39;5,026052682;27,27331743;32,29891487;0,155610574;1,615694029
40;5,029152206;27,58849515;32,61717777;0,154187227;1,577273717
41;5,031272145;27,88947126;32,92026251;0,152832079;1,540088503
42;5,032457323;28,17679349;33,20875837;0,151540063;1,504084437
43;5,032749608;28,45098797;33,48323154;0,150306568;1,469210692
44;5,032190078;28,71254118;33,74421371;0,149127495;1,435419341
45;5,03081567;28,96193267;33,99221715;0,147999045;1,402665139
46;5,028662826;29,19960519;34,22772632;0,146917817;1,370905341
47;5,025765616;29,42598604;34,45119921;0,145880716;1,340099516
48;5,022156367;29,64148564;34,66307905;0,144884889;1,310209398
49;5,01786577;29,8464928;34,86378188;0,143927753;1,281198733
50;5,012922984;30,04137879;35,05371153;0,14300691;1,253033147
51;5,007355733;30,22649527;35,23325043;0,142120175;1,22568002
52;5,001189901;30,40218431;35,40276403;0,141265521;1,199108377
53;4,994451596;30,56876722;35,56259827;0,140441133;1,173288781
54;4,987163757;30,72655753;35,71309107;0,139645256;1,148193235
55;4,979349694;30,87585261;35,85456263;0,138876319;1,123795096
56;4,971031668;31,01693742;35,98731609;0,138132881;1,10006899
57;4,962229466;31,15008524;36,11164904;0,137413538;1,076990738
58;4,952963431;31,27555509;36,22784348;0,136717037;1,054537284
59;4,943252533;31,39360172;36,33617005;0,136042201;1,032686628
60;4,933114915;31,50446683;36,43688491;0,135387943;1,011417769
61;4,922567938;31,60837949;36,5302413;0,134753228;0,990710646
62;4,911628225;31,70556928;36,61648275;0,134753228;0,970546083
63;4,9003117;31,79624465;36,69582898;0,134753228;0,950905744
64;4,888633627;31,8806154;36,76851289;0,134753228;0,931772085
65;4,876608159;31,9588805;36,83474441;0,134753228;0,913128311
66;4,864250314;32,0312316;36,89472554;0,134753228;0,894958338
67;4,851573089;32,09785015;36,9486581;0,134753228;0,877246753
68;4,838588953;32,15891736;36,99673305;0,134753228;0,859978779
69;4,825311315;32,21460813;37,03913452;0,134753228;0,843140246
70;4,811751654;32,26508167;37,0760401;0,134753228;0,826717556
71;4,797921;32,31050106;37,10762117;0,134753228;0,810697656
72;4,78383138;32,35102065;37,13403942;0,134753228;0,79506801
73;4,769492497;32,38678628;37,15546202;0,134753228;0,779816575
74;4,754915565;32,4179485;37,17203587;0,134753228;0,764931777
75;4,740109523;32,44464329;37,18391751;0,134753228;0,750402486
76;4,725084373;32,46700204;37,19124365;0,134753228;0,736217997
77;4,709849771;32,4851582;37,19415742;0,134753228;0,722368011
78;4,694413639;32,499241;37,19279365;0,134753228;0,708842612
79;4,678784994;32,50936588;37,1872828;0,134753228;0,695632254
80;4,662972086;32,5156541;37,17775117;0,134753228;0,682727741
81;4,646983344;32,51821999;37,1643173;0,134753228;0,670120212
82;4,630825532;32,51717425;37,14710705;0,134753228;0,657801126
83;4,614506547;32,51262418;37,12623139;0,134753228;0,645762248
84;4,598033569;32,50467375;37,10180149;0,134753228;0,633995636
85;4,581413538;32,49342375;37,07392138;0,134753228;0,622493627
86;4,564653168;32,47896869;37,04270293;0,134753228;0,611248825
87;4,54775895;32,46140986;37,00824001;0,134753228;0,600254093
88;4,530737612;32,44083599;36,97063829;0,134753228;0,589502535
89;4,513594329;32,41733633;36,92998569;0,134753228;0,578987494
90;4,496335435;32,39099426;36,88637842;0,134753228;0,568702535
91;4,478966623;32,36190037;36,83990995;0,134753228;0,55864144
92;4,461493406;32,33012984;36,79066008;0,134753228;0,5487982
93;4,443921124;32,29576845;36,73872083;0,134753228;0,539167002
94;4,42625495;32,25889001;36,68416705;0,134753228;0,529742225
95;4,408499458;32,21956615;36,6270823;0,134753228;0,520518431
96;4,390660383;32,17787607;36,56754782;0,134753228;0,511490357
97;4,372741993;32,13388403;36,50563172;0,134753228;0,50265291
98;4,354748853;32,0876652;36,44141096;0,134753228;0,494001158
99;4,336685388;32,03928;36,37496042;0,134753228;0,485530327
100;4,341391874;32,02570938;36,36673113;0,134753228;0,473604419
101;4,323055134;31,97263696;36,29532396;0,134753228;0,465534356
102;4,304660359;31,91759252;36,22188676;0,134753228;0,457630873
103;4,286211917;31,86063603;36,14647982;0,134753228;0,44988978
104;4,267712807;31,80182581;36,06917252;0,134753228;0,442307015
105;4,249167574;31,74121863;35,99001814;0,134753228;0,43487864
106;4,230579009;31,67886974;35,90908275;0,134753228;0,427600835
107;4,211951024;31,61483295;35,82642003;0,134753228;0,420469896
108;4,193287427;31,54916062;35,74208219;0,134753228;0,413482229
109;4,17459071;31,48190374;35,65613068;0,134753228;0,406634346
110;4,155864483;31,41311199;35,56861122;0,134753228;0,399922863
111;4,137112258;31,34283373;35,47958243;0,134753228;0,393344493
112;4,118336261;31,27111607;35,38909086;0,134753228;0,386896048
113;4,099539825;31,19800491;35,29718185;0,134753228;0,380574429
114;4,080725802;31,12354499;35,20391;0,134753228;0,374376628
115;4,061897356;31,04778296;35,10931814;0,134753228;0,368299722
116;4,043056387;30,9707551;35,01344792;0,134753228;0,362340872
117;4,024205901;30,89250588;34,91635035;0,134753228;0,356497319
118;4,005348826;30,81307566;34,81806478;0,134753228;0,350766382
119;3,986486849;30,73250375;34,71862955;0,134753228;0,345145453
120;3,967622752;30,65082848;34,61809231;0,134753228;0,339631998
121;3,948759246;30,56808723;34,5164893;0,134753228;0,334223554
122;3,929897825;30,48431643;34,4138592;0,134753228;0,328917724
123;3,911041064;30,39955465;34,31023632;0,134753228;0,323712177
124;3,892191476;30,31383047;34,20566431;0,134753228;0,318604646
125;3,873350377;30,22718072;34,10017558;0,134753228;0,313592924
126;3,854520157;30,13963835;33,99380511;0,134753228;0,308674865
127;3,835702769;30,05123551;33,88658701;0,134753228;0,303848379
128;3,816900486;29,96200655;33,77855115;0,134753228;0,299111432
129;3,798114408;29,87197607;33,66973672;0,134753228;0,294462045
130;3,779346698;29,78117691;33,56017197;0,134753228;0,28989829
131;3,760599462;29,68963819;33,44988776;0,134753228;0,28541829
132;3,74187366;29,59739125;33,33891418;0,134753228;0,281020216
133;3,723171298;29,50445791;33,22728059;0,134753228;0,276702289
134;3,704494328;29,41086817;33,11501562;0,134753228;0,272462773
135;3,685843581;29,31665134;33,00214721;0,134753228;0,268299978
136;3,667220919;29,22182731;32,88870262;0,134753228;0,264212257
137;3,648627799;29,12642415;32,77470516;0,134753228;0,260198006
138;3,630065992;29,03046929;32,66018733;0,134753228;0,25625566
139;3,611536168;28,93398085;32,54517116;0,134753228;0,252383695
140;3,593040012;28,8369851;32,42968134;0,134753228;0,248580624
141;3,574579166;28,73950771;32,31374197;0,134753228;0,244844997
142;3,556154195;28,64156519;32,19737977;0,134753228;0,241175402
143;3,537766664;28,543185;32,08061125;0,134753228;0,23757046
144;3,519417756;28,44438261;31,96346201;0,134753228;0,234028827
145;3,501108957;28,34518442;31,84595389;0,134753228;0,230549191
146;3,482840702;28,24560496;31,72810822;0,134753228;0,227130274
147;3,464614408;28,1456696;31,60994579;0,134753228;0,223770826
148;3,446431121;28,04539195;31,49148689;0,134753228;0,220469631
149;3,42829219;27,94479643;31,37275133;0,134753228;0,2172255
150;3,410197929;27,84389855;31,25376156;0,134753228;0,214037273
151;3,392149624;27,74271345;31,13453016;0,134753228;0,210903816
152;3,374148523;27,64126416;31,01507869;0,134753228;0,207824026
153;3,356194869;27,53956222;30,89542509;0,134753228;0,204796824
154;3,33828985;27,43762979;30,77558995;0,134753228;0,201821154
155;3,320434304;27,33548036;30,65558422;0,134753228;0,19889599
156;3,302629362;27,23312708;30,53542766;0,134753228;0,196020325
157;3,284875169;27,1305909;30,41513653;0,134753228;0,193193179
158;3,267172801;27,02788421;30,29472976;0,134753228;0,190413593
159;3,249522992;26,92502177;30,17421676;0,134753228;0,18768063
160;3,231926764;26,82201798;30,0536187;0,134753228;0,184993377
161;3,214384176;26,71888425;29,9329443;0,134753228;0,18235094
162;3,196896202;26,61563964;29,81221098;0,134753228;0,179752444
163;3,179464085;26,51229486;29,69143572;0,134753228;0,177197037
164;3,162087803;26,40886301;29,57062627;0,134753228;0,174683884
165;3,144767953;26,30535684;29,44980193;0,134753228;0,172212171
166;3,12750511;26,2017888;29,3289698;0,134753228;0,1697811
167;3,11029983;26,09817104;29,20814849;0,134753228;0,167389893
168;3,093152648;25,99451544;29,08734743;0,134753228;0,165037788
169;3,076064077;25,89083355;28,96657582;0,134753228;0,16272404
170;3,059034615;25,78713669;28,84585124;0,134753228;0,160447922
171;3,042064737;25,68343585;28,7251823;0,134753228;0,15820872
172;3,025154903;25,57974181;28,60457733;0,134753228;0,15600574
173;3,008305551;25,47606504;28,484053;0,134753228;0,1538383
174;2,991517106;25,37241578;28,36361708;0,134753228;0,151705733
175;2,974789972;25,26880402;28,24327715;0,134753228;0,149607388
176;2,958124539;25,16523948;28,12304899;0,134753228;0,147542629
177;2,94152118;25,06173168;28,00293962;0,134753228;0,14551083
178;2,92498025;24,95829236;27,88295868;0,134753228;0,143511381
179;2,908502091;24,85492556;27,76311554;0,134753228;0,141543686
180;2,892087029;24,7516426;27,64341932;0,134753228;0,139607161
181;2,875735375;24,64845207;27,52387619;0,134753228;0,137701232
182;2,859447425;24,5453648;27,40450032;0,134753228;0,135825341
183;2,843223462;24,44238403;27,28529741;0,134753228;0,133978939
184;2,827063753;24,33952019;27,16627567;0,134753228;0,132161491
185;2,810968554;24,23678347;27,04744313;0,134753228;0,130372471
186;2,794938108;24,13417657;26,92880759;0,134753228;0,128611365
187;2,778972641;24,03171169;26,81037664;0,134753228;0,12687767
188;2,763072372;23,92939121;26,69215769;0,134753228;0,125170893
189;2,747237504;23,82722454;26,5741606;0,134753228;0,123490551
190;2,731468228;23,72522085;26,45638704;0,134753228;0,121836173
191;2,715764726;23,62338205;26,33884651;0,134753228;0,120207294
192;2,700127166;23,52171932;26,22154564;0,134753228;0,118603463
193;2,684555706;23,42023661;26,10449089;0,134753228;0,117024234
194;2,669050493;23,31893771;25,98768854;0,134753228;0,115469174
195;2,653611663;23,21783326;25,87114728;0,134753228;0,113937855
196;2,638239341;23,11692443;25,75486787;0,134753228;0,112429861
197;2,622933644;23,01622151;25,63885868;0,134753228;0,110944782
198;2,607694677;22,91572767;25,52312787;0,134753228;0,109482218
199;2,592522535;22,81544828;25,40767578;0,134753228;0,108041776
200;2,577417307;22,71538628;25,29251027;0,134753228;0,106623072
201;2,562379068;22,61555129;25,177639;0,134753228;0,105225728
202;2,547407887;22,51594595;25,06306192;0,134753228;0,103849374
203;2,532503825;22,41657506;24,94878891;0,134753228;0,10249365
204;2,517666931;22,31744327;24,83481968;0,134753228;0,101158199
205;2,502897248;22,2185529;24,72116377;0,134753228;0,099842673
206;2,488194812;22,1199128;24,60782067;0,134753228;0,098546732
207;2,473559647;22,02152499;24,4947996;0,134753228;0,097270041
208;2,458991774;21,92339365;24,38210226;0,134753228;0,096012272
209;2,444491203;21,82552279;24,26973027;0,134753228;0,094773103
210;2,430057937;21,72791633;24,15769241;0,134753228;0,09355222
211;2,415691973;21,63057807;24,04599003;0,134753228;0,092349313
212;2,401393301;21,53351169;23,93462442;0,134753228;0,09116408
213;2,387161903;21,4367229;23,82360392;0,134753228;0,089996222
214;2,372997754;21,34021088;23,71292957;0,134753228;0,088845448
215;2,358900825;21,24398113;23,6026047;0,134753228;0,087711473
216;2,344871077;21,14803691;23,49263252;0,134753228;0,086594016
217;2,330908467;21,05238138;23,38301382;0,134753228;0,085492802
218;2,317012945;20,95701758;23,27375627;0,134753228;0,084407561
219;2,303184457;20,86195055;23,16486042;0,134753228;0,083338027
220;2,289422941;20,76717899;23,05632909;0,134753228;0,082283943
221;2,275728331;20,67270773;22,94816496;0,134753228;0,081245052
222;2,262100552;20,57854153;22,84037064;0,134753228;0,080221104
223;2,248539529;20,48467883;22,73294864;0,134753228;0,079211855
224;2,235045178;20,39112421;22,62590136;0,134753228;0,078217063
225;2,221617411;20,29788209;22,51923113;0,134753228;0,077236493
226;2,208256135;20,20495075;22,41294243;0,134753228;0,076269912
227;2,194961252;20,11233647;22,30703291;0,134753228;0,075317093
228;2,18173266;20,02003738;22,20150688;0,134753228;0,074377813
229;2,168570251;19,92805959;22,09636632;0,134753228;0,073451852
230;2,155473914;19,83640109;21,99161311;0,134753228;0,072538995
231;2,142443534;19,74506781;21,88725127;0,134753228;0,071639032
232;2,129478989;19,6540596;21,78327815;0,134753228;0,070751754
233;2,116580155;19,56337628;21,67969759;0,134753228;0,069876959
234;2,103746905;19,4730235;21,57651335;0,134753228;0,069014447
235;2,090979106;19,38300093;21,4737226;0,134753228;0,06816402
236;2,078276622;19,29330821;21,37132895;0,134753228;0,067325488
237;2,065639313;19,20395071;21,2693359;0,134753228;0,06649866
238;2,053067036;19,11492795;21,16774047;0,134753228;0,065683351
239;2,040559644;19,02624129;21,06654815;0,134753228;0,064879379
240;2,028116987;18,93789206;20,96575587;0,134753228;0,064086564
241;2,015738912;18,84988149;20,86536893;0,134753228;0,063304731
242;2,003425261;18,76220892;20,76538627;0,134753228;0,062533707
243;1,991175876;18,67487923;20,66580679;0,134753228;0,061773323
244;1,978990592;18,58789162;20,56663555;0,134753228;0,061023411
245;1,966869244;18,5012471;20,46787132;0,134753228;0,060283809
246;1,954811664;18,41494664;20,36951287;0,134753228;0,059554355
247;1,94281768;18,32899115;20,27156501;0,134753228;0,058834891
248;1,930887118;18,24338148;20,17402638;0,134753228;0,058125263
249;1,919019801;18,15812025;20,07689761;0,134753228;0,057425318
250;1,90721555;18,07320459;19,98017728;0,134753228;0,056734906
251;1,895474183;17,98863701;19,8838699;0,134753228;0,056053881
252;1,883795516;17,90441818;19,78797396;0,134753228;0,055382097
253;1,872179362;17,82054869;19,69248987;0,134753228;0,054719413
254;1,860625533;17,73702912;19,597418;0,134753228;0,054065689
255;1,849133838;17,65386175;19,50275868;0,134753228;0,053420788
256;1,837704084;17,5710435;19,40851218;0,134753228;0,052784576
257;1,826336075;17,48857657;19,31467874;0,134753228;0,052156919
258;1,815029616;17,4064631;19,22125855;0,134753228;0,051537688
259;1,803784507;17,32469994;19,12825175;0,134753228;0,050926756
260;1,792600547;17,24328913;19,03565844;0,134753228;0,050323995
261;1,781477534;17,16223266;18,94347869;0,134753228;0,049729283
262;1,770415264;17,08152731;18,8517125;0,134753228;0,049142498
263;1,759413531;17,00117668;18,76036174;0,134753228;0,048563521
264;1,748472128;16,92117752;18,66942258;0,134753228;0,047992235
265;1,737590845;16,84153332;18,57889682;0,134753228;0,047428524
266;1,726769472;16,76224247;18,48878431;0,134753228;0,046872275
267;1,716007797;16,68330333;18,39908672;0,134753228;0,046323376
268;1,705305608;16,60471926;18,30980016;0,134753228;0,045781717
269;1,694662689;16,52648689;18,22092806;0,134753228;0,045247192
270;1,684078824;16,44860949;18,13246648;0,134753228;0,044719694
271;1,673553798;16,37108528;18,04441694;0,134753228;0,044199118
272;1,66308739;16,29391416;17,9567809;0,134753228;0,043685363
273;1,652679383;16,21709435;17,86955439;0,134753228;0,043178328
274;1,642329556;16,1406289;17,78274058;0,134753228;0,042677913
275;1,632037687;16,06451599;17,69633548;0,134753228;0,042184022
276;1,621803554;15,98875535;17,61034215;0,134753228;0,041696558
277;1,611626933;15,91334673;17,52475834;0,134753228;0,041215427
278;1,601507601;15,83828983;17,43958178;0,134753228;0,040740537
279;1,591445333;15,76358274;17,3548154;0,134753228;0,040271797
280;1,581439901;15,68922828;17,27045689;0,134753228;0,039809116
281;1,571491081;15,61522448;17,18650393;0,134753228;0,039352407
282;1,561598644;15,54157094;17,10295932;0,134753228;0,038901583
283;1,551762362;15,46826725;17,0198207;0,134753228;0,038456558
284;1,541982008;15,39531447;16,93708737;0,134753228;0,03801725
285;1,53225735;15,32270907;16,85475696;0,134753228;0,037583574
286;1,52258816;15,2504521;16,77283212;0,134753228;0,03715545
287;1,512974208;15,17854302;16,69131041;0,134753228;0,036732799
288;1,503415261;15,10698131;16,61019106;0,134753228;0,036315541
289;1,493911089;15,03576641;16,52947328;0,134753228;0,035903599
290;1,48446146;14,96489923;16,44915625;0,134753228;0,035496898
291;1,475066142;14,89437618;16,36923915;0,134753228;0,035095361
292;1,465724903;14,82419813;16,28972113;0,134753228;0,034698917
293;1,456437508;14,75436445;16,2106013;0,134753228;0,034307491
294;1,447203725;14,68487595;16,13187878;0,134753228;0,033921013
295;1,438023321;14,61572902;16,05355267;0,134753228;0,033539412
296;1,428896062;14,54692442;15,97562363;0,134753228;0,03316262
297;1,419821713;14,47846291;15,89808752;0,134753228;0,032790569
298;1,410800041;14,41034084;15,82094497;0,134753228;0,032423191
299;1,401830811;14,34256038;15,74419502;0,134753228;0,032060421
300;1,392913789;14,27511788;15,66783668;0,134753228;0,031702194
301;1,38404874;14,20801542;15,59187047;0,134753228;0,031348446
302;1,375235429;14,14124938;15,51629227;0,134753228;0,030999114
303;1,366473623;14,07482178;15,4411026;0,134753228;0,030654137
304;1,357763085;14,00873038;15,36630193;0,134753228;0,030313454
305;1,349103581;13,94297296;15,29188613;0,134753228;0,029977005
306;1,340494877;13,87755145;15,21785717;0,134753228;0,029644731
307;1,331936738;13,81246224;15,14421092;0,134753228;0,029316574
308;1,323428929;13,7477072;15,07094929;0,134753228;0,028992477
309;1,314971216;13,68328407;14,99806816;0,134753228;0,028672383
310;1,306563363;13,61919194;14,92556939;0,134753228;0,028356238
311;1,298205137;13,55542856;14,85344885;0,134753228;0,028043986
312;1,289896304;13,49199573;14,78170836;0,134753228;0,027735575
313;1,281636629;13,42889114;14,7103438;0,134753228;0,02743095
314;1,273425879;13,36611386;14,63935693;0,134753228;0,027130061
315;1,26526382;13,30366293;14,5687451;0,134753228;0,026832857
316;1,257150219;13,24153739;14,49850565;0,134753228;0,026539285
317;1,249084841;13,17973627;14,4286403;0,134753228;0,026249298
318;1,241067456;13,11825859;14,35914635;0,134753228;0,025962846
319;1,233097829;13,05710335;14,2900226;0,134753228;0,02567988
320;1,225175728;12,99626956;14,22126639;0,134753228;0,025400354
321;1,217300922;12,9357562;14,15287933;0,134753228;0,025124221
322;1,209473178;12,87556226;14,08485873;0,134753228;0,024851434
323;1,201692265;12,8156867;14,01720334;0,134753228;0,024581949
324;1,193957953;12,75612851;13,9499119;0,134753228;0,024315721
325;1,18627001;12,69688663;13,88298314;0,134753228;0,024052705
326;1,178628207;12,63796001;13,81641577;0,134753228;0,02379286
327;1,171032313;12,57934761;13,75020851;0,134753228;0,023536141
328;1,163482098;12,52104961;13,68436006;0,134753228;0,023282507
329;1,155977335;12,46306242;13,61886914;0,134753228;0,023031916
330;1,148517794;12,40538624;13,55373443;0,134753228;0,022784329
331;1,141103247;12,34801998;13,48895462;0,134753228;0,022539704
332;1,133733466;12,29096378;13,42452841;0,134753228;0,022298002
333;1,126408225;12,23421409;13,36045446;0,134753228;0,022059185
334;1,119127296;12,17777103;13,29673145;0,134753228;0,021823214
335;1,111890454;12,12163472;13,23335938;0,134753228;0,02159005
336;1,104697472;12,06580162;13,17033426;0,134753228;0,021359657
337;1,097548125;12,01027183;13,10765607;0,134753228;0,021131999
338;1,09044219;11,95504542;13,04532347;0,134753228;0,020907038
339;1,083379441;11,90011889;12,98333642;0,134753228;0,02068474
340;1,076359656;11,84549347;12,92169096;0,134753228;0,020465068
341;1,069382611;11,79116568;12,86038704;0,134753228;0,02024799
342;1,062448083;11,73713673;12,79942457;0,134753228;0,02003347
343;1,055555852;11,68340313;12,73879965;0,134753228;0,019821475
344;1,048705696;11,62996609;12,67851218;0,134753228;0,019611972
345;1,041897393;11,57682328;12,61856205;0,134753228;0,019404928
346;1,035130726;11,5239724;12,55894538;0,134753228;0,019200312
347;1,028405472;11,47141461;12,49966331;0,134753228;0,018998091
348;1,021721416;11,41914645;12,44071195;0,134753228;0,018798234
349;1,015078337;11,36716905;12,38209243;0,134753228;0,018600711
350;1,008476018;11,31548011;12,32380089;0,134753228;0,018405491
351;1,001914243;11,26407846;12,26583841;0,134753228;0,018212544
352;0,995392796;11,21296183;12,20820237;0,134753228;0,018021841
353;0,988911461;11,16213127;12,15089019;0,134753228;0,017833354
354;0,982470023;11,11158451;12,09390291;0,134753228;0,017647052
355;0,976068268;11,06132037;12,03723792;0,134753228;0,017462909
356;0,969705982;11,01133768;11,98089264;0,134753228;0,017280896
357;0,963382953;10,96163417;11,92486809;0,134753228;0,017100986
358;0,957098969;10,91221086;11,86916167;0,134753228;0,016923152
359;0,950853818;10,86306547;11,81377082;0,134753228;0,016747368
360;0,94464729;10,81419683;11,75869651;0,134753228;0,016573606
361;0,938479174;10,76560375;11,70393618;0,134753228;0,016401842
362;0,932349262;10,71728506;11,64948843;0,134753228;0,01623205
363;0,926257344;10,66923957;11,59535187;0,134753228;0,016064204
364;0,920203214;10,62146612;11,54152511;0,134753228;0,01589828
365;0,914186664;10,5739635;11,48800678;0,134753228;0,015734253
366;0,908207487;10,52673055;11,43479433;0,134753228;0,0155721
367;0,902265478;10,47976609;11,38188867;0,134753228;0,015411797
368;0,896360432;10,43306892;11,32928726;0,134753228;0,015253319
369;0,890492146;10,38663787;11,27698873;0,134753228;0,015096645
370;0,884660415;10,34047176;11,22499168;0,134753228;0,014941752
371;0,878865037;10,2945694;11,17329473;0,134753228;0,014788616
372;0,873105811;10,24893065;11,1218965;0,134753228;0,014637216
373;0,867382535;10,20355225;11,0707967;0,134753228;0,01448753
374;0,861695009;10,15843407;11,01999176;0,134753228;0,014339536
375;0,856043033;10,11357492;10,96948139;0,134753228;0,014193214
376;0,850426408;10,06897362;10,91926421;0,134753228;0,014048542
377;0,844844938;10,02463;10,86933886;0,134753228;0,0139055
378;0,839298423;9,980540874;10,81970395;0,134753228;0,013764067
379;0,833786669;9,936706066;10,77035812;0,134753228;0,013624223
380;0,828309479;9,893125393;10,72130106;0,134753228;0,013485949
381;0,822866658;9,849795698;10,67252926;0,134753228;0,013349225
382;0,817458012;9,806716801;10,62404243;0,134753228;0,013214032
383;0,812083349;9,763888505;10,5758392;0,134753228;0,013080351
384;0,806742475;9,721307685;10,52791926;0,134753228;0,012948163
385;0,801435199;9,678974151;10,48027914;0,134753228;0,012817449
386;0,79616133;9,636887699;10,43291853;0,134753228;0,012688192
387;0,790920677;9,595045232;10,38583713;0,134753228;0,012560373
388;0,785713052;9,553447508;10,3390315;0,134753228;0,012433975
389;0,780538266;9,512091451;10,29250132;0,134753228;0,01230898
390;0,775396131;9,470977806;10,24624628;0,134753228;0,012185372
391;0,77028646;9,430103515;10,20026297;0,134753228;0,012063132
392;0,765209067;9,389469312;10,1545521;0,134753228;0,011942244
393;0,760163767;9,349072159;10,10911029;0,134753228;0,011822693
394;0,755150375;9,308912778;10,06393823;0,134753228;0,01170446
395;0,750168708;9,268988152;10,01903256;0,134753228;0,011587531
396;0,745218582;9,229298989;9,974393973;0,134753228;0,01147189
397;0,740299816;9,189842294;9,930019129;0,134753228;0,01135752
398;0,735412228;9,150618764;9,885908695;0,134753228;0,011244406
399;0,730555637;9,111626334;9,84205937;0,134753228;0,011132534
400;0,725729864;9,072862959;9,798471805;0,134753228;0,011021887
401;0,72093473;9,034329317;9,755143696;0,134753228;0,010912452
402;0,716170058;8,996023366;9,71207276;0,134753228;0,010804213
403;0,711435668;8,957943076;9,669259634;0,134753228;0,010697156
404;0,706731386;8,920089113;9,626702038;0,134753228;0,010591267
405;0,702057036;8,882459452;9,584397709;0,134753228;0,010486531
406;0,697412442;8,845052084;9,542347271;0,134753228;0,010382936
407;0,692797431;8,807867659;9,500548465;0,134753228;0,010280467
408;0,688211829;8,770904172;9,458999054;0,134753228;0,01017911
409;0,683655464;8,734160506;9,417699646;0,134753228;0,010078852
410;0,679128164;8,697634679;9,376648005;0,134753228;0,009979681
411;0,674629758;8,661327325;9,335842852;0,134753228;0,009881583
412;0,670160077;8,625236461;9,29528198;0,134753228;0,009784545
413;0,665718951;8,589360986;9,254965978;0,134753228;0,009688555
414;0,661306212;8,553699797;9,214892644;0,134753228;0,0095936
415;0,656921691;8,518251797;9,175060712;0,134753228;0,009499668
416;0,652565223;8,483015042;9,13546892;0,134753228;0,009406747
417;0,648236641;8,447990141;9,096116011;0,134753228;0,009314825
418;0,64393578;8,413175153;9,057000731;0,134753228;0,009223889
419;0,639662476;8,378568994;9,018120929;0,134753228;0,009133929
420;0,635416564;8,344170579;8,979477165;0,134753228;0,009044933
421;0,631197883;8,309978832;8,941067293;0,134753228;0,008956888
422;0,627006269;8,275992675;8,902890075;0,134753228;0,008869785
423;0,622841562;8,242211037;8,864944277;0,134753228;0,008783612
424;0,618703602;8,208632849;8,82722867;0,134753228;0,008698358
425;0,614592228;8,175257045;8,789742028;0,134753228;0,008614013
426;0,610507281;8,142082562;8,752483131;0,134753228;0,008530565
427;0,606448605;8,109108342;8,715450762;0,134753228;0,008448004
428;0,60241604;8,07633333;8,678643707;0,134753228;0,008366319
429;0,598409431;8,043756472;8,642060758;0,134753228;0,008285501
430;0,594428623;8,011376722;8,605700712;0,134753228;0,00820554
431;0,590473459;7,979193033;8,569562368;0,134753228;0,008126425
432;0,586543786;7,947204365;8,53364453;0,134753228;0,008048146
433;0,582639451;7,915409679;8,497946008;0,134753228;0,007970694
434;0,5787603;7,883807942;8,462465615;0,134753228;0,00789406
435;0,574906183;7,852398121;8,427203009;0,134753228;0,007818233
436;0,571076947;7,821179191;8,392155326;0,134753228;0,007743204
437;0,567272443;7,790150128;8,357322236;0,134753228;0,007668964
438;0,56349252;7,759309911;8,322702571;0,134753228;0,007595504
439;0,559737031;7,728657525;8,288295165;0,134753228;0,007522815
440;0,556005828;7,698192727;8,254098859;0,134753228;0,007450889
441;0,552298762;7,667912965;8,220112495;0,134753228;0,007379715
442;0,548615688;7,637818007;8,186335741;0,134753228;0,007309286
443;0,544956459;7,607906852;8,15276581;0,134753228;0,007239593
444;0,541320932;7,578178501;8,11940238;0,134753228;0,007170627
445;0,537708961;7,548631961;8,086244314;0,134753228;0,007102381
446;0,534120403;7,519266994;8,053291283;0,134753228;0,007034845
447;0,530555115;7,490081106;8,020540544;0,134753228;0,006968013
448;0,527012956;7,461074069;7,987991781;0,134753228;0,006901875
449;0,523493785;7,432244906;7,955643874;0,134753228;0,006836424
450;0,51999746;7,403592639;7,9234965;0,134753228;0,006771652
451;0,516523842;7,375117036;7,89154696;0,134753228;0,006707551
452;0,513072792;7,346815652;7,859794944;0,134753228;0,006644114
453;0,509644172;7,318688263;7,828239349;0,134753228;0,006581333
454;0,506237844;7,29073391;7,796879857;0,134753228;0,0065192
455;0,502853672;7,262951635;7,765713814;0,134753228;0,006457709
456;0,49949152;7,235341211;7,734740914;0,134753228;0,006396852
457;0,496151251;7,20790024;7,703960844;0,134753228;0,006336621
458;0,492832732;7,180628504;7,673370982;0,134753228;0,006277011
459;0,489535829;7,153525777;7,642971026;0,134753228;0,006218013
460;0,486260409;7,126589689;7,612760667;0,134753228;0,006159621
461;0,483006338;7,099820026;7,582737316;0,134753228;0,006101828
462;0,479773486;7,073215858;7,552900676;0,134753228;0,006044627
463;0,476561722;7,046776965;7,523250442;0,134753228;0,005988012
464;0,473370915;7,020501015;7,493784057;0,134753228;0,005931975
465;0,470200935;6,994387797;7,464501975;0,134753228;0,005876512
466;0,467051654;6,968437094;7,435401658;0,134753228;0,005821614
467;0,463922943;6,942646601;7,406482817;0,134753228;0,005767276
468;0,460814676;6,917016112;7,377745158;0,134753228;0,005713492
469;0,457726725;6,891544725;7,349186174;0,134753228;0,005660255
470;0,454658964;6,866232228;7,320806313;0,134753228;0,00560756
471;0,451611268;6,841076353;7,29260309;0,134753228;0,005555399
472;0,448583513;6,816076899;7,264576951;0,134753228;0,005503768
473;0,445575573;6,791233657;7,23672543;0,134753228;0,00545266
474;0,442587327;6,766544386;7,209048251;0,134753228;0,00540207
475;0,43961865;6,742008889;7,181545132;0,134753228;0,005351991
476;0,436669423;6,717626963;7,154213637;0,134753228;0,005302419
477;0,433739522;6,693396391;7,127054207;0,134753228;0,005253347
478;0,430828827;6,669316982;7,100064428;0,134753228;0,005204771
479;0,42793722;6,645388537;7,07324474;0,134753228;0,005156683
480;0,425064579;6,621608865;7,046592748;0,134753228;0,00510908
481;0,422210788;6,597978439;7,020108889;0,134753228;0,005061956
482;0,419375727;6,574495086;6,993790788;0,134753228;0,005015305
483;0,41655928;6,55115862;6,967638883;0,134753228;0,004969122
484;0,41376133;6,527968851;6,941650818;0,134753228;0,004923403
485;0,410981761;6,504923632;6,915827027;0,134753228;0,004878142
486;0,408220458;6,482022782;6,890165175;0,134753228;0,004833334
487;0,405477306;6,459266115;6,864665695;0,134753228;0,004788974
488;0,402752192;6,436651511;6,839326271;0,134753228;0,004745057
489;0,400045001;6,414178792;6,814147336;0,134753228;0,004701578
490;0,397355621;6,391847777;6,789126592;0,134753228;0,004658533
491;0,394683941;6,369656371;6,76426447;0,134753228;0,004615917
492;0,392029848;6,347605036;6,739558691;0,134753228;0,004573725
493;0,389393233;6,325691693;6,715009688;0,134753228;0,004531953
494;0,386773984;6,303916174;6,690615199;0,134753228;0,004490595
495;0,384171993;6,282278306;6,666375654;0,134753228;0,004449648
496;0,38158715;6,260776033;6,642288812;0,134753228;0,004409107
497;0,379019348;6,239409192;6,618355102;0,134753228;0,004368968
498;0,376468478;6,218177616;6,594572302;0,134753228;0,004329226
499;0,373934433;6,197079273;6,570940839;0,134753228;0,004289877
500;0,371417108;6,176114623;6,547459164;0,134753228;0,004250917
